epoch,time,train/box_loss,train/cls_loss,train/dfl_loss,metrics/precision(B),metrics/recall(B),metrics/mAP50(B),metrics/mAP50-95(B),val/box_loss,val/cls_loss,val/dfl_loss,lr/pg0,lr/pg1,lr/pg2
1,1.08751,0,15.9058,0,0,0,0,0,0,9.40379,0,0,0,0
2,1.91412,0,15.8899,0,0,0,0,0,0,9.40826,0,1.40071e-05,1.40071e-05,1.40071e-05
3,2.72562,0,15.875,0,0,0,0,0,0,9.41386,0,2.74482e-05,2.74482e-05,2.74482e-05
4,3.58763,0,15.8121,0,0,0,0,0,0,9.41925,0,4.03235e-05,4.03235e-05,4.03235e-05
5,4.35726,0,15.7614,0,0,0,0,0,0,9.42465,0,5.26329e-05,5.26329e-05,5.26329e-05
6,5.16998,0,15.6792,0,0,0,0,0,0,9.42919,0,6.43764e-05,6.43764e-05,6.43764e-05
7,5.99766,0,15.608,0,0,0,0,0,0,9.43277,0,7.55541e-05,7.55541e-05,7.55541e-05
8,6.83554,0,15.5123,0,0,0,0,0,0,9.43463,0,8.61658e-05,8.61658e-05,8.61658e-05
9,7.62274,0,15.4926,0,0,0,0,0,0,9.43463,0,9.62117e-05,9.62117e-05,9.62117e-05
10,8.49751,0,15.4287,0,0,0,0,0,0,9.43586,0,0.000105692,0.000105692,0.000105692
11,9.23726,0,15.4153,0,0,0,0,0,0,9.43586,0,0.000114606,0.000114606,0.000114606
12,10.1031,0,15.3712,0,0,0,0,0,0,9.43396,0,0.000122954,0.000122954,0.000122954
13,10.9315,0,15.2735,0,0,0,0,0,0,9.43396,0,0.000130736,0.000130736,0.000130736
14,11.7423,0,15.2485,0,0,0,0,0,0,9.42851,0,0.000137953,0.000137953,0.000137953
15,12.5165,0,15.1746,0,0,0,0,0,0,9.42851,0,0.000144603,0.000144603,0.000144603
16,13.3122,0,15.1908,0,0,0,0,0,0,9.42078,0,0.000150688,0.000150688,0.000150688
17,14.0449,0,14.9964,0,0,0,0,0,0,9.42078,0,0.000156207,0.000156207,0.000156207
18,15.0111,0,15.0991,0,0,0,0,0,0,9.41246,0,0.00016116,0.00016116,0.00016116
19,15.7452,0,14.9592,0,0,0,0,0,0,9.41246,0,0.000165547,0.000165547,0.000165547
20,16.5811,0,14.9515,0,0,0,0,0,0,9.40303,0,0.000169368,0.000169368,0.000169368
21,17.3536,0,14.7479,0,0,0,0,0,0,9.40303,0,0.000172623,0.000172623,0.000172623
22,18.1767,0,14.7696,0,0,0,0,0,0,9.39454,0,0.000175313,0.000175313,0.000175313
23,18.9724,0,14.6264,0,0,0,0,0,0,9.39454,0,0.000177436,0.000177436,0.000177436
24,19.769,0,14.7538,0,0,0,0,0,0,9.39454,0,0.000178994,0.000178994,0.000178994
25,20.5718,0,14.7244,0,0,0,0,0,0,9.38873,0,0.000179985,0.000179985,0.000179985
26,21.3425,0,14.516,0,0,0,0,0,0,9.38873,0,0.000180411,0.000180411,0.000180411
27,22.1591,0,14.5231,0,0,0,0,0,0,9.38873,0,0.000180271,0.000180271,0.000180271
28,22.9632,0,14.4694,0,0,0,0,0,0,9.38205,0,0.000179565,0.000179565,0.000179565
29,23.7678,0,14.4105,0,0,0,0,0,0,9.38205,0,0.000178293,0.000178293,0.000178293
30,24.5299,0,14.327,0,0,0,0,0,0,9.38205,0,0.000176456,0.000176456,0.000176456
31,25.341,0,14.2952,0,0,0,0,0,0,9.37722,0,0.000174052,0.000174052,0.000174052
32,26.1777,0,14.4249,0,0,0,0,0,0,9.37722,0,0.000171083,0.000171083,0.000171083
33,26.9504,0,14.2075,0,0,0,0,0,0,9.37722,0,0.000167547,0.000167547,0.000167547
34,27.7529,0,14.2384,0,0,0,0,0,0,9.376,0,0.000163446,0.000163446,0.000163446
35,28.5462,0,14.278,0,0,0,0,0,0,9.376,0,0.000158779,0.000158779,0.000158779
36,29.275,0,14.0452,0,0,0,0,0,0,9.376,0,0.000153546,0.000153546,0.000153546
37,30.0229,0,14.0841,0,0,0,0,0,0,9.376,0,0.000147747,0.000147747,0.000147747
38,30.894,0,14.0267,0,0,0,0,0,0,9.37307,0,0.000141382,0.000141382,0.000141382
39,31.6554,0,14.011,0,0,0,0,0,0,9.37307,0,0.000134452,0.000134452,0.000134452
40,32.3974,0,13.9287,0,0,0,0,0,0,9.37307,0,0.000126955,0.000126955,0.000126955
41,33.0885,0,13.9243,0,0,0,0,0,0,9.37307,0,0.000118893,0.000118893,0.000118893
42,33.8804,0,13.9263,0,0,0,0,0,0,9.36658,0,0.000110264,0.000110264,0.000110264
43,34.6925,0,13.8806,0,0,0,0,0,0,9.36658,0,0.00010107,0.00010107,0.00010107
44,35.4865,0,13.9767,0,0,0,0,0,0,9.36658,0,9.13102e-05,9.13102e-05,9.13102e-05
45,36.2657,0,13.821,0,0,0,0,0,0,9.36658,0,8.09843e-05,8.09843e-05,8.09843e-05
46,37.044,0,13.8618,0,0,0,0,0,0,9.36018,0,7.00924e-05,7.00924e-05,7.00924e-05
47,37.8098,0,13.7773,0,0,0,0,0,0,9.36018,0,5.86347e-05,5.86347e-05,5.86347e-05
48,38.5616,0,13.9781,0,0,0,0,0,0,9.36018,0,4.66111e-05,4.66111e-05,4.66111e-05
49,39.2855,0,13.906,0,0,0,0,0,0,9.36018,0,3.40216e-05,3.40216e-05,3.40216e-05
50,40.1003,0,13.7575,0,0,0,0,0,0,9.35714,0,2.08663e-05,2.08663e-05,2.08663e-05
1,1.12134,0.90238,5.3435,0.85874,0,0,0,0,0.5585,4.24282,0.79046,0,0,0
2,2.23367,1.10791,4.85894,1.03449,0,0,0,0,0.53319,4.23475,0.78834,1.40071e-05,1.40071e-05,1.40071e-05
3,3.23953,1.10328,4.73076,1.01722,0.008,0.66667,0.00667,0.00533,0.52847,4.19735,0.78894,2.74482e-05,2.74482e-05,2.74482e-05
4,4.26023,1.14887,5.07458,1.04269,0.00769,0.66667,0.00641,0.00513,0.48739,4.19595,0.78512,4.03235e-05,4.03235e-05,4.03235e-05
5,5.30146,0.99513,4.26349,0.96936,0.00813,0.66667,0.00677,0.00474,0.5089,4.17012,0.77815,5.26329e-05,5.26329e-05,5.26329e-05
6,6.33894,0.68487,3.96627,0.86869,0.01224,1,0.01218,0.01002,0.55424,4.12225,0.77763,6.43764e-05,6.43764e-05,6.43764e-05
7,7.3822,1.16045,4.57022,0.99861,0.012,1,0.01194,0.00982,0.5907,4.12644,0.77669,7.55541e-05,7.55541e-05,7.55541e-05
8,8.38479,0.80819,4.24097,1.04668,0.0122,1,0.01239,0.01018,0.59259,4.14168,0.7785,8.61658e-05,8.61658e-05,8.61658e-05
9,9.32704,0.6419,4.4331,0.87304,0.0122,1,0.01239,0.01018,0.59259,4.14168,0.7785,9.62117e-05,9.62117e-05,9.62117e-05
10,10.3578,0.58844,3.62201,0.82518,0.01163,1,0.01175,0.00966,0.56684,4.14781,0.77361,0.000105692,0.000105692,0.000105692
11,11.3202,0.59012,3.40597,0.74404,0.01163,1,0.01175,0.00966,0.56684,4.14781,0.77361,0.000114606,0.000114606,0.000114606
12,12.3895,0.59817,3.4831,0.74596,0.01103,1,0.01144,0.01029,0.53472,4.09733,0.7631,0.000122954,0.000122954,0.000122954
13,13.3329,0.78718,3.38458,0.91788,0.01103,1,0.01144,0.01029,0.53472,4.09733,0.7631,0.000130736,0.000130736,0.000130736
14,14.4973,0.71267,2.98711,0.8197,0.01124,1,0.01166,0.01049,0.5314,4.00583,0.7565,0.000137953,0.000137953,0.000137953
15,15.4756,0.70626,2.58699,0.85025,0.01124,1,0.01166,0.01049,0.5314,4.00583,0.7565,0.000144603,0.000144603,0.000144603
16,16.5533,0.93097,4.28622,0.75015,0.01132,1,0.01175,0.01005,0.50086,3.94325,0.75532,0.000150688,0.000150688,0.000150688
17,17.5345,0.88095,3.95865,0.80912,0.01132,1,0.01175,0.01005,0.50086,3.94325,0.75532,0.000156207,0.000156207,0.000156207
18,18.6432,0.76948,1.92308,0.85077,0.01124,1,0.01218,0.01042,0.48933,3.90808,0.75292,0.00016116,0.00016116,0.00016116
19,19.5753,0.84084,2.2635,0.92033,0.01124,1,0.01218,0.01042,0.48933,3.90808,0.75292,0.000165547,0.000165547,0.000165547
20,20.5975,1.17448,2.06389,0.88294,0.01107,1,0.01189,0.01017,0.48727,3.87329,0.75315,0.000169368,0.000169368,0.000169368
21,21.5625,0.75928,1.49012,0.81872,0.01107,1,0.01189,0.01017,0.48727,3.87329,0.75315,0.000172623,0.000172623,0.000172623
22,22.594,0.6097,1.70458,0.92376,0.01068,1,0.01135,0.01021,0.43901,3.81711,0.75367,0.000175313,0.000175313,0.000175313
23,23.5868,0.80212,1.40391,0.86461,0.01068,1,0.01135,0.01021,0.43901,3.81711,0.75367,0.000177436,0.000177436,0.000177436
24,24.5294,0.77421,2.09974,0.82233,0.01068,1,0.01135,0.01021,0.43901,3.81711,0.75367,0.000178994,0.000178994,0.000178994
25,25.5997,0.91399,1.51738,0.88091,0.0106,1,0.0197,0.01773,0.39302,3.76251,0.75408,0.000179985,0.000179985,0.000179985
26,26.5779,0.62733,1.50143,0.77811,0.0106,1,0.0197,0.01773,0.39302,3.76251,0.75408,0.000180411,0.000180411,0.000180411
27,27.5621,0.41776,2.6191,0.75151,0.0106,1,0.0197,0.01773,0.39302,3.76251,0.75408,0.000180271,0.000180271,0.000180271
28,28.6344,0.98984,1.65431,0.93951,0.01027,1,0.01074,0.01026,0.37881,3.84955,0.76032,0.000179565,0.000179565,0.000179565
29,29.6393,0.83113,1.68452,0.96121,0.01027,1,0.01074,0.01026,0.37881,3.84955,0.76032,0.000178293,0.000178293,0.000178293
30,30.7467,0.70132,1.69462,0.81947,0.01027,1,0.01074,0.01026,0.37881,3.84955,0.76032,0.000176456,0.000176456,0.000176456
31,31.7928,0.78755,1.45902,0.82476,0.0101,1,0.01051,0.01051,0.35348,3.87276,0.76076,0.000174052,0.000174052,0.000174052
32,32.7392,0.74062,1.63886,0.99913,0.0101,1,0.01051,0.01051,0.35348,3.87276,0.76076,0.000171083,0.000171083,0.000171083
33,33.7947,0.6509,1.99285,0.79297,0.0101,1,0.01051,0.01051,0.35348,3.87276,0.76076,0.000167547,0.000167547,0.000167547
34,34.9381,1.02248,1.80832,0.97461,0.00997,1,0.0104,0.00994,0.38516,3.86516,0.7593,0.000163446,0.000163446,0.000163446
35,35.894,0.66781,2.07615,0.92552,0.00997,1,0.0104,0.00994,0.38516,3.86516,0.7593,0.000158779,0.000158779,0.000158779
36,36.8266,0.52855,1.53333,0.82712,0.00997,1,0.0104,0.00994,0.38516,3.86516,0.7593,0.000153546,0.000153546,0.000153546
37,37.7664,0.43357,1.49938,0.84698,0.00997,1,0.0104,0.00994,0.38516,3.86516,0.7593,0.000147747,0.000147747,0.000147747
38,38.8008,0.62973,1.52161,0.76899,0.0102,1,0.01059,0.01011,0.39255,3.87196,0.75883,0.000141382,0.000141382,0.000141382
39,39.8115,0.4728,1.2646,0.78215,0.0102,1,0.01059,0.01011,0.39255,3.87196,0.75883,0.000134452,0.000134452,0.000134452
40,40.8081,0.63188,1.60413,0.88295,0.0102,1,0.01059,0.01011,0.39255,3.87196,0.75883,0.000126955,0.000126955,0.000126955
41,41.7823,0.67027,2.31036,0.9282,0.0102,1,0.01059,0.01011,0.39255,3.87196,0.75883,0.000118893,0.000118893,0.000118893
42,42.7979,0.67377,2.13471,0.87613,0.01014,1,0.01044,0.00997,0.37813,3.86035,0.7578,0.000110264,0.000110264,0.000110264
43,43.7585,0.75753,1.83535,0.8306,0.01014,1,0.01044,0.00997,0.37813,3.86035,0.7578,0.00010107,0.00010107,0.00010107
44,44.6986,0.51087,1.93785,0.75246,0.01014,1,0.01044,0.00997,0.37813,3.86035,0.7578,9.13102e-05,9.13102e-05,9.13102e-05
45,45.6319,0.95443,2.54616,0.8817,0.01014,1,0.01044,0.00997,0.37813,3.86035,0.7578,8.09843e-05,8.09843e-05,8.09843e-05
46,46.5962,0.58382,1.86059,0.77696,0.00993,1,0.03108,0.03085,0.37056,3.82293,0.75814,7.00924e-05,7.00924e-05,7.00924e-05
47,47.6772,0.40681,1.88215,0.85496,0.00993,1,0.03108,0.03085,0.37056,3.82293,0.75814,5.86347e-05,5.86347e-05,5.86347e-05
48,48.7379,0.50082,2.09945,0.81774,0.00993,1,0.03108,0.03085,0.37056,3.82293,0.75814,4.66111e-05,4.66111e-05,4.66111e-05
49,49.7523,0.63979,1.95989,0.74551,0.00993,1,0.03108,0.03085,0.37056,3.82293,0.75814,3.40216e-05,3.40216e-05,3.40216e-05
50,50.8306,0.817,2.29798,0.77242,0.01,1,0.14217,0.14136,0.37262,3.77295,0.75848,2.08663e-05,2.08663e-05,2.08663e-05
